{"sum": 712335.0, "avr": 549.6412037037037, "sumMD": 17921.0, "sumSD": 21773.0, "avrMD": 497.80555555555554, "avrSD": 604.8055555555555, "max": 998.0, "min": 100.0}